name	status	bpm	file
unknown_a	OK	120	unknown_a.flac
unknown_aa	OK	120	unknown_aa.flac
unknown_aaa	OK	120	unknown_aaa.flac
unknown_abs	OK	120	unknown_abs.flac
unknown_additive	OK	120	unknown_additive.flac
unknown_aggressive	OK	120	unknown_aggressive.flac
unknown_alright	OK	120	unknown_alright.flac
unknown_april	OK	120	unknown_april.flac
unknown_armar	OK	120	unknown_armar.flac
unknown_asd	FAIL	120	unknown_asd.flac
unknown_asus_googles_test	OK	120	unknown_asus_googles_test.flac
unknown_atanInv	OK	120	unknown_atanInv.flac
unknown_atanfeedback	OK	120	unknown_atanfeedback.flac
unknown_b	FAIL	110	unknown_b.flac
unknown_background	OK	120	unknown_background.flac
unknown_background2	OK	120	unknown_background2.flac
unknown_bass	OK	120	unknown_bass.flac
unknown_bbas	OK	120	unknown_bbas.flac
unknown_bbb	OK	120	unknown_bbb.flac
unknown_beat	FAIL	120	unknown_beat.flac
unknown_beep	OK	120	unknown_beep.flac
unknown_bit	OK	120	unknown_bit.flac
unknown_blink	OK	120	unknown_blink.flac
unknown_boring_kick	OK	120	unknown_boring_kick.flac
unknown_buzz	OK	120	unknown_buzz.flac
unknown_calllm	OK	120	unknown_calllm.flac
unknown_cents	OK	120	unknown_cents.flac
unknown_centuner	OK	120	unknown_centuner.flac
unknown_chaotic	OK	120	unknown_chaotic.flac
unknown_chest	OK	120	unknown_chest.flac
unknown_chime	OK	120	unknown_chime.flac
unknown_chiptune	OK	120	unknown_chiptune.flac
unknown_cho	OK	120	unknown_cho.flac
unknown_cingrlatko	OK	120	unknown_cingrlatko.flac
unknown_circa	OK	120	unknown_circa.flac
unknown_circular	OK	120	unknown_circular.flac
unknown_clean	OK	120	unknown_clean.flac
unknown_click	OK	120	unknown_click.flac
unknown_coin	OK	120	unknown_coin.flac
unknown_combinee	OK	120	unknown_combinee.flac
unknown_consec	FAIL	120	unknown_consec.flac
unknown_cosmic	OK	120	unknown_cosmic.flac
unknown_crack	OK	120	unknown_crack.flac
unknown_cracle	OK	120	unknown_cracle.flac
unknown_crak	OK	120	unknown_crak.flac
unknown_dart	OK	120	unknown_dart.flac
unknown_dat	OK	120	unknown_dat.flac
unknown_ddd	FAIL	120	unknown_ddd.flac
unknown_deep	OK	120	unknown_deep.flac
unknown_detuned	OK	120	unknown_detuned.flac
unknown_dig	OK	120	unknown_dig.flac
unknown_diusss	OK	120	unknown_diusss.flac
unknown_divisor	OK	120	unknown_divisor.flac
unknown_doung	OK	120	unknown_doung.flac
unknown_drama	FAIL	120	unknown_drama.flac
unknown_drive	OK	120	unknown_drive.flac
unknown_dron	OK	120	unknown_dron.flac
unknown_dry	OK	120	unknown_dry.flac
unknown_duccct	OK	120	unknown_duccct.flac
unknown_dunn	OK	120	unknown_dunn.flac
unknown_dust	OK	120	unknown_dust.flac
unknown_dusts	OK	120	unknown_dusts.flac
unknown_dusty	OK	120	unknown_dusty.flac
unknown_dyn	OK	120	unknown_dyn.flac
unknown_earth	OK	120	unknown_earth.flac
unknown_eightTrack	FAIL	120	unknown_eightTrack.flac
unknown_eightyharm	OK	120	unknown_eightyharm.flac
unknown_engine	OK	120	unknown_engine.flac
unknown_even	OK	120	unknown_even.flac
unknown_exp	OK	120	unknown_exp.flac
unknown_exp2	OK	120	unknown_exp2.flac
unknown_fast	OK	120	unknown_fast.flac
unknown_fast_Switch	OK	120	unknown_fast_Switch.flac
unknown_feedback	OK	120	unknown_feedback.flac
unknown_fftmash	FAIL	120	unknown_fftmash.flac
unknown_finalize	OK	120	unknown_finalize.flac
unknown_first	OK	120	unknown_first.flac
unknown_five	OK	120	unknown_five.flac
unknown_flange	FAIL	89.93	unknown_flange.flac
unknown_flute	OK	120	unknown_flute.flac
unknown_flute1	OK	120	unknown_flute1.flac
unknown_flute2	OK	120	unknown_flute2.flac
unknown_flute3	OK	120	unknown_flute3.flac
unknown_form	OK	120	unknown_form.flac
unknown_formann	OK	120	unknown_formann.flac
unknown_formant	OK	120	unknown_formant.flac
unknown_four	OK	120	unknown_four.flac
unknown_fractalPerlin	OK	120	unknown_fractalPerlin.flac
unknown_free	OK	120	unknown_free.flac
unknown_gg	FAIL	120	unknown_gg.flac
unknown_glasses	OK	120	unknown_glasses.flac
unknown_glgl	OK	120	unknown_glgl.flac
unknown_gr	FAIL	120	unknown_gr.flac
unknown_grain	FAIL	45	unknown_grain.flac
unknown_grain2	FAIL	120	unknown_grain2.flac
unknown_grain3	FAIL	120	unknown_grain3.flac
unknown_granular	FAIL	120	unknown_granular.flac
unknown_guitar	OK	120	unknown_guitar.flac
unknown_hard	OK	120	unknown_hard.flac
unknown_harm	OK	120	unknown_harm.flac
unknown_harmonics	OK	120	unknown_harmonics.flac
unknown_harmony	FAIL	120	unknown_harmony.flac
unknown_harmony2	FAIL	120	unknown_harmony2.flac
unknown_harp	OK	120	unknown_harp.flac
unknown_harsh	OK	120	unknown_harsh.flac
unknown_hasher	OK	120	unknown_hasher.flac
unknown_hat	OK	120	unknown_hat.flac
unknown_head	FAIL	120	unknown_head.flac
unknown_hel	FAIL	120	unknown_hel.flac
unknown_hen	OK	120	unknown_hen.flac
unknown_hh	OK	120	unknown_hh.flac
unknown_hh2	OK	120	unknown_hh2.flac
unknown_hh3	OK	120	unknown_hh3.flac
unknown_high	OK	120	unknown_high.flac
unknown_highDetune	OK	120	unknown_highDetune.flac
unknown_highNoise	OK	120	unknown_highNoise.flac
unknown_high_kick	OK	120	unknown_high_kick.flac
unknown_hights	OK	120	unknown_hights.flac
unknown_hihat	OK	120	unknown_hihat.flac
unknown_his	OK	120	unknown_his.flac
unknown_hiss	OK	120	unknown_hiss.flac
unknown_hiss1	OK	120	unknown_hiss1.flac
unknown_hiss2	FAIL	120	unknown_hiss2.flac
unknown_hiss3	OK	120	unknown_hiss3.flac
unknown_hissa	OK	120	unknown_hissa.flac
unknown_hisses	OK	120	unknown_hisses.flac
unknown_hit	OK	120	unknown_hit.flac
unknown_hkick	OK	120	unknown_hkick.flac
unknown_hq	OK	120	unknown_hq.flac
unknown_ignorants	OK	120	unknown_ignorants.flac
unknown_iii	OK	120	unknown_iii.flac
unknown_imp1	OK	120	unknown_imp1.flac
unknown_input	OK	120	unknown_input.flac
unknown_intercorporator	OK	120	unknown_intercorporator.flac
unknown_interferences	OK	120	unknown_interferences.flac
unknown_intro	OK	120	unknown_intro.flac
unknown_jedna	OK	120	unknown_jedna.flac
unknown_k_two	OK	120	unknown_k_two.flac
unknown_karma	OK	120	unknown_karma.flac
unknown_karo	OK	120	unknown_karo.flac
unknown_karousel	OK	120	unknown_karousel.flac
unknown_karplus	OK	120	unknown_karplus.flac
unknown_karplus_beast	FAIL	120	unknown_karplus_beast.flac
unknown_kash	FAIL	79	unknown_kash.flac
unknown_keep	OK	120	unknown_keep.flac
unknown_kick	OK	120	unknown_kick.flac
unknown_kick1	OK	120	unknown_kick1.flac
unknown_kick2	FAIL	120	unknown_kick2.flac
unknown_kickEven	OK	120	unknown_kickEven.flac
unknown_kickSaw	OK	120	unknown_kickSaw.flac
unknown_kick_even	OK	120	unknown_kick_even.flac
unknown_kick_one	OK	120	unknown_kick_one.flac
unknown_kick_test	OK	120	unknown_kick_test.flac
unknown_kicker	OK	120	unknown_kicker.flac
unknown_kicksup	OK	120	unknown_kicksup.flac
unknown_kikkk	OK	120	unknown_kikkk.flac
unknown_kiler	OK	120	unknown_kiler.flac
unknown_kix	OK	120	unknown_kix.flac
unknown_kk	OK	120	unknown_kk.flac
unknown_kkick	OK	120	unknown_kkick.flac
unknown_kkk	OK	120	unknown_kkk.flac
unknown_klack	OK	120	unknown_klack.flac
unknown_klang	OK	120	unknown_klang.flac
unknown_klick	OK	120	unknown_klick.flac
unknown_krack	OK	120	unknown_krack.flac
unknown_laggy	OK	120	unknown_laggy.flac
unknown_lah	OK	120	unknown_lah.flac
unknown_lala	OK	120	unknown_lala.flac
unknown_lalala	OK	120	unknown_lalala.flac
unknown_lame	OK	120	unknown_lame.flac
unknown_large	OK	120	unknown_large.flac
unknown_lark	OK	120	unknown_lark.flac
unknown_larpa	OK	120	unknown_larpa.flac
unknown_late_kick	OK	120	unknown_late_kick.flac
unknown_later	OK	120	unknown_later.flac
unknown_laylay	OK	120	unknown_laylay.flac
unknown_left	OK	120	unknown_left.flac
unknown_lf	OK	120	unknown_lf.flac
unknown_lflfl	OK	120	unknown_lflfl.flac
unknown_lin	OK	120	unknown_lin.flac
unknown_litmus	OK	120	unknown_litmus.flac
unknown_little	OK	120	unknown_little.flac
unknown_ll	OK	120	unknown_ll.flac
unknown_lll	OK	120	unknown_lll.flac
unknown_lombardia	OK	120	unknown_lombardia.flac
unknown_long	OK	120	unknown_long.flac
unknown_lotone	OK	120	unknown_lotone.flac
unknown_low	OK	120	unknown_low.flac
unknown_lr	OK	120	unknown_lr.flac
unknown_luck	OK	120	unknown_luck.flac
unknown_mago	OK	120	unknown_mago.flac
unknown_marimba	FAIL	120	unknown_marimba.flac
unknown_mel	OK	120	unknown_mel.flac
unknown_mel_tick	OK	120	unknown_mel_tick.flac
unknown_melody	OK	120	unknown_melody.flac
unknown_menavka	OK	120	unknown_menavka.flac
unknown_menavka_deep	OK	120	unknown_menavka_deep.flac
unknown_menavka_deep_mod	OK	120	unknown_menavka_deep_mod.flac
unknown_message	OK	120	unknown_message.flac
unknown_metric_tick	OK	120	unknown_metric_tick.flac
unknown_mld	OK	120	unknown_mld.flac
unknown_modem	OK	120	unknown_modem.flac
unknown_monotone	OK	120	unknown_monotone.flac
unknown_monster	OK	120	unknown_monster.flac
unknown_monsterSwitcher	OK	120	unknown_monsterSwitcher.flac
unknown_moog	OK	120	unknown_moog.flac
unknown_moog2	OK	120	unknown_moog2.flac
unknown_neutorn	OK	120	unknown_neutorn.flac
unknown_ninety_threequarter	OK	120	unknown_ninety_threequarter.flac
unknown_nn	OK	120	unknown_nn.flac
unknown_noTempo	OK	120	unknown_noTempo.flac
unknown_noise	OK	120	unknown_noise.flac
unknown_noiseSaw	OK	120	unknown_noiseSaw.flac
unknown_noises	OK	120	unknown_noises.flac
unknown_noises_of_the_noon	OK	120	unknown_noises_of_the_noon.flac
unknown_noisor	OK	120	unknown_noisor.flac
unknown_noisy	FAIL	120	unknown_noisy.flac
unknown_non	OK	120	unknown_non.flac
unknown_none	FAIL	90	unknown_none.flac
unknown_nth	OK	120	unknown_nth.flac
unknown_oaoa	OK	120	unknown_oaoa.flac
unknown_odd	OK	120	unknown_odd.flac
unknown_ode	OK	120	unknown_ode.flac
unknown_ok	OK	120	unknown_ok.flac
unknown_okok	OK	120	unknown_okok.flac
unknown_olaola	OK	120	unknown_olaola.flac
unknown_ole	FAIL	120	unknown_ole.flac
unknown_olne	OK	120	unknown_olne.flac
unknown_ome	OK	120	unknown_ome.flac
unknown_once	OK	120	unknown_once.flac
unknown_once2	OK	120	unknown_once2.flac
unknown_one	OK	120	unknown_one.flac
unknown_one1	OK	120	unknown_one1.flac
unknown_one2	OK	120	unknown_one2.flac
unknown_one21	OK	120	unknown_one21.flac
unknown_one3	OK	120	unknown_one3.flac
unknown_one_b	OK	120	unknown_one_b.flac
unknown_one_weird	OK	120	unknown_one_weird.flac
unknown_onea	OK	120	unknown_onea.flac
unknown_onee	OK	120	unknown_onee.flac
unknown_oneen	OK	120	unknown_oneen.flac
unknown_onek	OK	120	unknown_onek.flac
unknown_onennn	OK	120	unknown_onennn.flac
unknown_oneone	OK	117.6	unknown_oneone.flac
unknown_oneoneone	OK	120	unknown_oneoneone.flac
unknown_oner	OK	120	unknown_oner.flac
unknown_onethree	OK	120	unknown_onethree.flac
unknown_onetwo	FAIL	120	unknown_onetwo.flac
unknown_onez	OK	120	unknown_onez.flac
unknown_oo	OK	120	unknown_oo.flac
unknown_oohne	OK	120	unknown_oohne.flac
unknown_ooo	OK	120	unknown_ooo.flac
unknown_open	OK	120	unknown_open.flac
unknown_orne	OK	120	unknown_orne.flac
unknown_osc	OK	120	unknown_osc.flac
unknown_oscill	OK	120	unknown_oscill.flac
unknown_outing	OK	120	unknown_outing.flac
unknown_outt	FAIL	120	unknown_outt.flac
unknown_overtones	OK	120	unknown_overtones.flac
unknown_pass	OK	120	unknown_pass.flac
unknown_pauline2	OK	90	unknown_pauline2.flac
unknown_pentas	OK	88.631	unknown_pentas.flac
unknown_peper	OK	120	unknown_peper.flac
unknown_per	OK	121.5	unknown_per.flac
unknown_perl	OK	120	unknown_perl.flac
unknown_perl1	OK	120	unknown_perl1.flac
unknown_perlKick	OK	125	unknown_perlKick.flac
unknown_perlin	OK	120	unknown_perlin.flac
unknown_perlinKarplusar	OK	88	unknown_perlinKarplusar.flac
unknown_perlin_again	OK	120	unknown_perlin_again.flac
unknown_perlin_dalay	OK	120	unknown_perlin_dalay.flac
unknown_perlin_trig	FAIL	120	unknown_perlin_trig.flac
unknown_perlinsaw	OK	120	unknown_perlinsaw.flac
unknown_perlmachine	OK	90	unknown_perlmachine.flac
unknown_perlperlpur	OK	89.93	unknown_perlperlpur.flac
unknown_phaseInv	OK	120	unknown_phaseInv.flac
unknown_piano	FAIL	120	unknown_piano.flac
unknown_pilot	OK	120	unknown_pilot.flac
unknown_plaer	FAIL	120	unknown_plaer.flac
unknown_plain	OK	110	unknown_plain.flac
unknown_play	FAIL	120	unknown_play.flac
unknown_pll	FAIL	120	unknown_pll.flac
unknown_pls	OK	120	unknown_pls.flac
unknown_plu	OK	120	unknown_plu.flac
unknown_polyformat	OK	120	unknown_polyformat.flac
unknown_postal	OK	120	unknown_postal.flac
unknown_primal_ritual_dance_jachym	OK	120	unknown_primal_ritual_dance_jachym.flac
unknown_primal_ritual_dance_jachym_2	OK	120	unknown_primal_ritual_dance_jachym_2.flac
unknown_prl	OK	120	unknown_prl.flac
unknown_prln	OK	120	unknown_prln.flac
unknown_ptnc	OK	55	unknown_ptnc.flac
unknown_puls	OK	120	unknown_puls.flac
unknown_pulsKick	OK	120	unknown_pulsKick.flac
unknown_pulsar	OK	120	unknown_pulsar.flac
unknown_pulsating_randomness	OK	90	unknown_pulsating_randomness.flac
unknown_pulse	OK	120	unknown_pulse.flac
unknown_quarter	OK	120	unknown_quarter.flac
unknown_randomizer	OK	90	unknown_randomizer.flac
unknown_rara	OK	120	unknown_rara.flac
unknown_rash	OK	90	unknown_rash.flac
unknown_raw	FAIL	120	unknown_raw.flac
unknown_raw_saw	OK	120	unknown_raw_saw.flac
unknown_reborn	OK	88	unknown_reborn.flac
unknown_rec	FAIL	120	unknown_rec.flac
unknown_rec_fade	FAIL	120	unknown_rec_fade.flac
unknown_reco	OK	120	unknown_reco.flac
unknown_record	FAIL	120	unknown_record.flac
unknown_recorder	FAIL	126.95	unknown_recorder.flac
unknown_reseter	OK	62.75	unknown_reseter.flac
unknown_resonator	FAIL	120	unknown_resonator.flac
unknown_rezonateur	OK	120	unknown_rezonateur.flac
unknown_rim	OK	135	unknown_rim.flac
unknown_roatate	OK	120	unknown_roatate.flac
unknown_rome	OK	120	unknown_rome.flac
unknown_rr	OK	120	unknown_rr.flac
unknown_running	OK	88	unknown_running.flac
unknown_samp	FAIL	120	unknown_samp.flac
unknown_sampl	FAIL	120	unknown_sampl.flac
unknown_sampleOne	FAIL	121.333	unknown_sampleOne.flac
unknown_sample_one	FAIL	67.5	unknown_sample_one.flac
unknown_sample_two	FAIL	67.5	unknown_sample_two.flac
unknown_sampler	FAIL	110	unknown_sampler.flac
unknown_saw	OK	120	unknown_saw.flac
unknown_saw_high	OK	115	unknown_saw_high.flac
unknown_saww	OK	120	unknown_saww.flac
unknown_scheduled	OK	115	unknown_scheduled.flac
unknown_sel	OK	120	unknown_sel.flac
unknown_sel1	OK	88	unknown_sel1.flac
unknown_sel2	OK	88	unknown_sel2.flac
unknown_sel3	OK	88	unknown_sel3.flac
unknown_select	OK	120	unknown_select.flac
unknown_sell	OK	120	unknown_sell.flac
unknown_send	OK	90	unknown_send.flac
unknown_seven	OK	120	unknown_seven.flac
unknown_sevens	OK	120	unknown_sevens.flac
unknown_seventh_wave	OK	70	unknown_seventh_wave.flac
unknown_seventy	OK	75	unknown_seventy.flac
unknown_shaper	FAIL	120	unknown_shaper.flac
unknown_shaperOne	FAIL	120	unknown_shaperOne.flac
unknown_shuttles	OK	115	unknown_shuttles.flac
unknown_signal	OK	120	unknown_signal.flac
unknown_silent_one	OK	113	unknown_silent_one.flac
unknown_simple	OK	120	unknown_simple.flac
unknown_simpleOne	OK	120	unknown_simpleOne.flac
unknown_simple_thing	FAIL	120	unknown_simple_thing.flac
unknown_sineperl	OK	120	unknown_sineperl.flac
unknown_sinsin	OK	120	unknown_sinsin.flac
unknown_sinus	OK	120	unknown_sinus.flac
unknown_six	OK	120	unknown_six.flac
unknown_sixty_half	OK	119.7	unknown_sixty_half.flac
unknown_slow	OK	120	unknown_slow.flac
unknown_slow2	OK	120	unknown_slow2.flac
unknown_smp	FAIL	127	unknown_smp.flac
unknown_snare	OK	120	unknown_snare.flac
unknown_snth	OK	126.965	unknown_snth.flac
unknown_son	OK	110	unknown_son.flac
unknown_sonify_one	FAIL	90	unknown_sonify_one.flac
unknown_sonoo	OK	48	unknown_sonoo.flac
unknown_sroubovice	OK	120	unknown_sroubovice.flac
unknown_ss	OK	120	unknown_ss.flac
unknown_ssa	OK	120	unknown_ssa.flac
unknown_ssmp	FAIL	120	unknown_ssmp.flac
unknown_sss	OK	120	unknown_sss.flac
unknown_ssss	OK	120	unknown_ssss.flac
unknown_ssw	OK	120	unknown_ssw.flac
unknown_stampler	OK	120	unknown_stampler.flac
unknown_stereo	FAIL	120	unknown_stereo.flac
unknown_stereo_one	OK	90	unknown_stereo_one.flac
unknown_stretch	OK	90	unknown_stretch.flac
unknown_sup	OK	127	unknown_sup.flac
unknown_sw	OK	72	unknown_sw.flac
unknown_sw1	FAIL	120	unknown_sw1.flac
unknown_sweep	OK	120	unknown_sweep.flac
unknown_swine	OK	120	unknown_swine.flac
unknown_swing	OK	120	unknown_swing.flac
unknown_swipe	OK	110	unknown_swipe.flac
unknown_switch	OK	120	unknown_switch.flac
unknown_switch1	OK	120	unknown_switch1.flac
unknown_switcher	FAIL	120	unknown_switcher.flac
unknown_switcher_one	OK	121.35	unknown_switcher_one.flac
unknown_swsw	OK	120	unknown_swsw.flac
unknown_swswitch	OK	120	unknown_swswitch.flac
unknown_symbol	OK	90	unknown_symbol.flac
unknown_sync	OK	120	unknown_sync.flac
unknown_synctest	OK	180	unknown_synctest.flac
unknown_synth	OK	120	unknown_synth.flac
unknown_synth2	OK	120	unknown_synth2.flac
unknown_tam	OK	115	unknown_tam.flac
unknown_tape	OK	70	unknown_tape.flac
unknown_tar	OK	120	unknown_tar.flac
unknown_tesst	OK	120	unknown_tesst.flac
unknown_test	OK	120	unknown_test.flac
unknown_test2	OK	120	unknown_test2.flac
unknown_test_one	OK	120	unknown_test_one.flac
unknown_testing_git	OK	120	unknown_testing_git.flac
unknown_testttt	FAIL	120	unknown_testttt.flac
unknown_texture	FAIL	121.5	unknown_texture.flac
unknown_three	OK	120	unknown_three.flac
unknown_threecomplex	OK	135	unknown_threecomplex.flac
unknown_threedim	OK	120	unknown_threedim.flac
unknown_threew	OK	120	unknown_threew.flac
unknown_thump	OK	138.889	unknown_thump.flac
unknown_ticka	OK	120	unknown_ticka.flac
unknown_tickage	OK	121.537	unknown_tickage.flac
unknown_tickle	OK	120	unknown_tickle.flac
unknown_ticky	OK	121	unknown_ticky.flac
unknown_titi	OK	120	unknown_titi.flac
unknown_tma	OK	120	unknown_tma.flac
unknown_tone	OK	55	unknown_tone.flac
unknown_trangles	OK	120	unknown_trangles.flac
unknown_tricking	OK	90	unknown_tricking.flac
unknown_trig	OK	120	unknown_trig.flac
unknown_triperl	OK	120	unknown_triperl.flac
unknown_tritone	OK	120	unknown_tritone.flac
unknown_ttt	OK	120	unknown_ttt.flac
unknown_tunelog	OK	120	unknown_tunelog.flac
unknown_twelve	FAIL	120	unknown_twelve.flac
unknown_two	OK	120	unknown_two.flac
unknown_two2	OK	120	unknown_two2.flac
unknown_twohun	OK	120	unknown_twohun.flac
unknown_under_bass	OK	127	unknown_under_bass.flac
unknown_utopia	OK	120	unknown_utopia.flac
unknown_varecho	OK	88	unknown_varecho.flac
unknown_variace	OK	120	unknown_variace.flac
unknown_varkick	OK	120	unknown_varkick.flac
unknown_vibrant	FAIL	120	unknown_vibrant.flac
unknown_vio	FAIL	110	unknown_vio.flac
unknown_viol	FAIL	120	unknown_viol.flac
unknown_violin	FAIL	127	unknown_violin.flac
unknown_violin2	FAIL	120	unknown_violin2.flac
unknown_voice	OK	120	unknown_voice.flac
unknown_vvovov	FAIL	120	unknown_vvovov.flac
unknown_wash	OK	138.889	unknown_wash.flac
unknown_water	OK	120	unknown_water.flac
unknown_weird	OK	89.93	unknown_weird.flac
unknown_white	OK	120	unknown_white.flac
unknown_wiki	OK	120	unknown_wiki.flac
unknown_writer	OK	90	unknown_writer.flac
unknown_ws	OK	120	unknown_ws.flac
unknown_xxx	FAIL	120	unknown_xxx.flac
unknown_zero	OK	110	unknown_zero.flac
unknown_zet	OK	120	unknown_zet.flac
unknown_zpet	OK	115	unknown_zpet.flac
